﻿
File Number,Time,Short URL,Long URL,File Name,GPS (X),GPS (Y),MD5,SHA1
1,2016-07-17 14:27:44,https://goo.gl/LQduCh,https://cdn0.vox-cdn.com/assets/4589853/crowdstrike-intelligence-report-putter-panda.original.pdf,crowdstrike-intelligence-report-putter-panda.original.pdf,,,536cf64f91e44d801834b6a2b2c2d140,9a9f4f5d3a055364fdcb035225e04fc836578436
2,2016-07-17 14:24:37,https://goo.gl/aad8aa,https://osint.xyz/bob/미친소.jpg,미친소.jpg,25.307280555555554,83.01025277777778,9ab4269110a0fb85928bf2f9fa478a00,240a51e53b8aa94d1428c407fe634a78e41d5d0c
3,2016-07-17 14:23:29,https://goo.gl/iE47pT,https://goo.gl/iE47pT,iE47pT,,,d5b7e097b13cb09a0c4532b098e13374,6caea3703e423efc51250224976caa339dc85c3b
4,2016-07-17 14:22:35,https://goo.gl/X34axu,https://osint.xyz/bob/おいしい.jpg,おいしい.jpg,25.306116666666668,83.00903333333333,9b0709a5653071c6697369b968d36bbc,f520909ba28d233320bf55ec1456f6e3292bb169
5,2016-07-17 14:18:59,http://me2.do/xWbrYn85,https://osint.xyz/bob/whereami.jpg,whereami.jpg,37.45505896455198,126.44329190257136,32940465efe53a18db20d485efda5cb4,086cdc80658319d751438d1d2b4f70a98936e35e
