File Extensions, Total Size (Byte), Count
None Extension Files, 28677138, 220
.mui_e516a7e7, 8192, 2
.sys_a06e75d0, 376688, 1
.desklink_c68aef56, 7, 1
.vs_4_0, 11565082, 2
.mapimail, 8, 2
.dll_730e3d41, 1433600, 2
.fon_12eef23f, 66464, 1
.tooling, 0, 1
.dll_58f50a80, 1940992, 2
.designtime, 0, 1
.dll_1a0f388b, 61952, 2
.dll_ebe15265, 3394560, 2
.mui_10a823ac, 3584, 1
.dll_f279be4d, 263040, 1
.dll_1f014d57, 715264, 2
.dll_805aaf49, 569344, 1
.dvd, 83196, 4
.mui_602eaab4, 10240, 2
.ani, 3014016, 12
.bdr, 532632, 15
.fon_a23d6f89, 7104, 1
.ttf_6f8a8b87, 100104, 1
.mui_71e15c22, 43584, 1
.nls_c0c442d9, 133188, 2
.pdf, 606858, 1
.vs_1_1, 5994640, 2
.mof_662b1c14, 1900, 1
.fon_76561302, 31808, 1
.ttf_139d3615, 75552, 1
.cht, 6784, 4
.chs, 6784, 4
.chr, 113028, 2
.chm, 26667295, 162
.chk, 16384, 2
.dll_341d4299, 138240, 2
.ptxml_6a7470ef, 11194, 2
.htm, 322518, 111
.lts, 1863392, 2
.mui_b45c7567, 34816, 2
.mui_ebf60d96, 3072, 1
.ttf_4c6c9093, 26672, 1
.ttc_5396000d, 9176636, 1
.ttf_c258876e, 647184, 1
.nls_bb04d917, 325700, 2
.camp, 4274, 4
.dll_2f4f8b34, 149504, 2
.fon_0c43f9ec, 12288, 1
.dll_faf65b7a, 183296, 1
.uce, 984792, 32
.mui_e8f04040, 6144, 2
.dll_41876e91, 231936, 2
.mof_abfff45a, 2540, 2
.fon_792fc669, 23440, 1
.dll_4d2402cf, 17408, 2
.mof_6593cf80, 7370, 2
.mui_2744e397, 4096, 2
.dll_afaa5ea8, 119808, 2
.mui_3c369ac4, 6144, 2
.dll_940e6a7f, 299392, 1
.fon_e2e4776b, 36672, 1
.dll_bacdc17a, 5120, 2
.inf_9fe633c0, 14961, 1
.re2js, 47068, 3
.fon_9dadc8af, 95840, 1
.comments, 718310, 12
.fon_85f815ea, 36816, 1
.ttc_45a433bb, 10057108, 1
.wav, 27098748, 630
.mfl_ed9a43c5, 32358, 1
.sys_0ffee946, 204800, 1
.mfl_24c6459c, 72748, 2
.ttf_8437c490, 150228, 1
.xml_3d50368a, 212, 1
.mui_a77d5a29, 90112, 2
.smp, 175992, 4
.old, 10022, 1
.mui_d47f7e1c, 44032, 1
.olb, 1884888, 8
.stacktrace, 0, 1
.ttf_b13ae9de, 652664, 1
.dll_55f4ed20, 1841152, 2
.fon_c20e1190, 12288, 1
.mui_9b8f26d5, 20480, 2
.ini_ca2ec8ce, 92, 1
.mui_14652dbb, 35840, 2
.gmmp, 6486, 8
.t4, 509314, 2
.mui_e94aeb19, 12288, 2
.fon_08f91131, 6128, 1
.dll_0c7220db, 160768, 2
.dll_e3a99e8a, 253440, 1
.mui_4bbf12ff, 5120, 2
.scp_0303a193, 1470, 2
.man_1c597019, 4236, 2
.dll_d93e8a42, 492032, 2
.pem, 433640, 1
.conf, 4758, 3
.sys_3f0d93c5, 7168, 1
.ttf_6ad5519c, 4515044, 1
.bin_ee6f205e, 2048, 2
.exe_abfc33da, 328704, 1
.mui_16288a65, 1568768, 2
.dll_d55ae499, 75776, 2
.nls_accf5ac9, 133188, 2
.fon_3e9e1495, 6336, 1
.sys_77371b26, 94592, 1
.mui_14e4c892, 4096, 2
.man_babd2d8e, 32348, 2
.16385_none_6079f415110c0210_networks_e2d2c811, 407, 1
.mui_3f54e013, 12288, 2
.leases~, 1553, 1
.dll_b7801b42, 748032, 1
.dll_ebee9df6, 279552, 2
.dll_58a927f6, 503296, 1
.dll_2b5c2330, 26112, 2
.nls_7254a9cb, 132164, 2
.bitmap, 434391, 1
.ttf_f731b2ea, 74056, 1
.sys_be04d03f, 16896, 1
.fon_e2e577aa, 70000, 1
.sys_3ed5b0a0, 129024, 1
.convention, 0, 1
.dll_89da72d2, 16896, 2
.mui_92411657, 6144, 2
.ascx, 257046, 44
.acl, 209702, 6
.acm, 1421312, 24
.nls_a71cf43a, 133188, 2
.mui_4caa0054, 36864, 2
.xml_6983d9ef, 215, 1
.mui_d66aed17, 31744, 2
.xml_03ba99d8, 3150, 1
.dll_0ee3acd5, 197632, 2
.mui_5a74c206, 40960, 2
.dll_8a707982, 6844416, 2
.dll_09ce86ba, 33280, 2
.xrm-ms_399d0f6b, 3787, 1
.mui_cd6e1e8f, 86016, 2
.dll_8b1e859a, 129536, 2
.mof, 29532503, 729
.dll_a7bf8aa9, 205824, 2
.mui_8c30bdaf, 305152, 2
.fon_2cd9f3a7, 23408, 1
.mui_32482e9e, 20992, 1
.mui_ad7a9e4d, 4096, 2
.rtf, 14172837, 318
.cov, 46553, 4
.fon_bf98786c, 25216, 1
.com, 576512, 30
.dll_1a3a70b6, 190976, 2
.mui_15ce9297, 14336, 2
.sys_10d2ecc1, 40448, 1
.json, 42100, 5
.fon_77baa7cb, 10976, 1
.sys_f36cc2f7, 243712, 1
.mui_27872349, 34816, 2
.dll_d752d00e, 4096, 2
.mui_0c160ac2, 84992, 2
.xml_35ecd9ba, 392, 1
.mui_5035d60a, 6144, 2
.mui_6ce4084e, 4096, 2
.dll_0a73d68d, 198656, 2
.dll_7364eaa8, 565248, 2
.sys_f97a2535, 309248, 1
.dll_e72df756, 22528, 2
.fon_c018886b, 19904, 1
.dll_9512793c, 1518592, 2
.fon_f6726a58, 11488, 1
.kor, 5944, 4
.dll_edf4260f, 66048, 2
.exe_bd6992f8, 17408, 1
.fon_5e8f5479, 17632, 2
.ttf_ea35f432, 385560, 1
.exe_bb673fff, 122880, 2
.mui_c67cedc8, 8192, 2
.ttc_ab0401d6, 9533888, 1
.fon_5d8bebb4, 7280, 1
.ev1, 12400, 1
.fon_72da37bd, 33344, 1
.dll_f0a9e399, 6144, 2
.chm_92fe0a89, 94792, 1
.dll_66e8486f, 258048, 2
.ttf, 455215784, 596
.ttc, 420383264, 30
.xrm-ms_67ebc09b, 3013, 1
.mui_be092a2d, 4096, 1
.mui_186571e1, 5120, 2
.ptxml_9374ee1b, 1151, 1
.dll_f5d929eb, 313344, 2
.dll_db4127c3, 24576, 2
.fon_f49c104b, 23120, 1
.ico, 4111975, 164
.icm, 28737606, 110
.icc, 55031648, 181
.fon_12fdf5f0, 64400, 1
.mof_8d9de59f, 7378, 2
.exe_dfa7225b, 296960, 1
.xml_f4ee1eeb, 488, 1
.dll_f1749d15, 30720, 2
.nls_71616dfe, 132164, 2
.mui_ac8e62f4, 3715072, 72
.dll_abfff1a2, 175616, 2
.mui_b800c491, 2560, 1
.ttf_cc31ccfb, 235340, 1
.dll_56db747f, 1447936, 1
.mui_c434701f, 1979488, 23
.ptxml, 436189, 124
.dll_e4ce9536, 73216, 2
.dat_211debd0, 1346176, 2
.ttf_9a79c88c, 72932, 1
.dll_8036fe08, 572416, 2
.dtd, 164771, 37
.ttf_08f71e3f, 15406288, 1
.exe_60b7e340, 20992, 1
.inf_4b9b5a3f, 12470, 2
.dll_343adf45, 754176, 2
.vrg, 94924, 20
.designtimehost, 0, 1
.mui_cdafedff, 28672, 2
.dll_b4697821, 111616, 2
.apl, 32132, 2
.dll_dafa7917, 352768, 2
.default, 657800, 44
.xml_18b20a4d, 209, 1
.flt, 1764744, 6
.cnv, 574976, 4
.cnt, 2557, 1
.scr, 8489984, 24
.nls_b283c1d6, 133188, 2
.theme, 74782, 34
.mui_6a9f4568, 5120, 2
.mui_042165f9, 4096, 2
.dll_970be02b, 777728, 1
.man_f70b2fe7, 5026, 2
.psd1, 258420, 84
.scp_74b84d65, 5634, 2
.desklink, 14, 2
.dll_2a4e0bd8, 12800, 2
.ttf_6f7f5685, 63364, 1
.fon_a23e6fc8, 7648, 1
.exe_1e11bb40, 154112, 2
.inf_76514a00, 9122, 1
.fon_9bd7a63b, 6528, 1
.frm, 70140, 4
.exe_ac37d0c5, 390656, 1
.ttf_45e15165, 126460, 1
.dll_211e02a3, 404480, 2
.rll, 8026360, 64
.sys_6114703c, 42496, 1
.dll_f05671f7, 157184, 2
.dll_2e46e937, 34816, 2
.ttf_8c9d41c8, 370576, 1
.ttf_0b44910a, 216004, 1
.mui_d054e07b, 120832, 2
.mui_19b92789, 53248, 2
.sys_4e5f368e, 95232, 1
.exe_9075a1c2, 112000, 1
.fon_9f580ce4, 6512, 1
.mui_cfd93456, 5632, 1
.mui_35ee487d, 66720, 2
.nlt, 2316336, 12
.exe_b02cefba, 92672, 2
.dll_53c2ab30, 287232, 2
.nlp, 13948980, 102
.nls, 58610956, 478
.fon_dacf6ef3, 89856, 1
.fon_0805d564, 5200, 1
.mui_05f14191, 11264, 2
.exe_20690b49, 238080, 1
.fon_d693946f, 9504, 1
.fon_de219118, 6112, 1
.mui_ff8b5358, 59520, 2
.dll_7438be63, 28160, 2
.xml_be056c50, 1118, 1
.sys_ea6a9c41, 60496, 1
.ttf_9bbcb09e, 88700, 1
.ttf_c9c065ed, 83740, 1
.mni, 623000, 1
.fon_e93b0656, 80896, 1
.dll_0a75eb56, 137216, 1
.sys_602842f9, 113152, 1
.fon_608491c0, 5280, 1
.ocx, 6226432, 32
.mui_3b48c5a6, 4096, 2
.mui_d7f9a40f, 16384, 2
.dll_874b1f23, 40960, 2
.dll_f541a087, 841728, 2
.scp, 14208, 8
.dll_9cd6a3cf, 29184, 2
.mui_64d23330, 62464, 2
.ttf_284d5409, 103444, 1
.ttf_2896bb77, 1804512, 1
.xml_e4c2fcc8, 38485, 1
.mui_c28690ab, 5120, 2
.sys_ebb6a83d, 24576, 1
.cpl_b6a1dbdc, 475648, 2
.xml_fed3b08d, 384, 1
.fon_f6656725, 11520, 1
.http, 0, 1
.common, 0, 1
.dll_44f44625, 40536064, 2
.mof_4a1027ba, 1083, 1
.nls_afaa0e6f, 133188, 2
.dun, 1356, 4
.dub, 130104, 11
.asp, 5697, 1
.xex, 13836288, 2
.dll_7136601a, 501248, 1
.dll_dfb4e972, 27648, 2
.dll_223a3220, 44544, 1
.fon_ea7f5612, 70000, 1
.mui_074caeb5, 36864, 2
.exe_d7209c3a, 112640, 1
.ttf_fdf1d355, 340100, 1
.dll_37c1de59, 96256, 2
.ttf_4e371084, 241672, 1
.dll_2aa2f829, 70656, 2
.dll_7ae3573f, 249856, 2
.dll_6fff912a, 210944, 2
.mui_76757f43, 9216, 1
.mui_55686a97, 4096, 2
.mui_4268f86a, 67584, 2
.dll_8785b649, 1426432, 2
.dll_662643d7, 470528, 2
.exe_df3332ad, 20992, 1
.fon_2b942d95, 12288, 1
.xml_c06c76de, 924, 1
.config, 782444, 237
.ttf_16e5cd4d, 14602860, 1
.mof_6cd3e826, 2550, 2
.lex, 86306713, 28
.dll_77c16678, 13312, 1
.sys_11b724dd, 6784, 1
.mui_67414db4, 8192, 2
.dll_c81f5791, 628224, 2
.xsl, 6789175, 139
.xsd, 1937244, 103
.mui_c0d34fe8, 25600, 2
.bin, 63842543, 110
.ttf_ea2ef279, 497372, 1
.psc1, 414, 2
.mui_d815d31a, 13312, 1
.dll_f50da7f9, 43520, 1
.004, 1024, 1
.mfl_4e36195e, 724484, 2
.mui_dc90ce41, 291840, 2
.dll_5d18a476, 227328, 2
.sys_d745e761, 93184, 1
.dll_ae4ef39c, 3024224, 2
.fon_9bd8a67a, 5376, 1
.cmf, 4269194, 6
.dll_5eab4bf3, 448000, 1
.cmd, 2302, 7
.dll_cfd3258d, 352256, 2
.cmb, 634378, 40
.mui_c6e979b7, 93184, 2
.mui_224f6445, 46080, 2
.stl_8a4e6441, 12523, 1
.mid, 172850, 6
.mui_43c5183a, 2560, 1
.rdlc, 136482, 2
.mui_72e8994f, 5623808, 70
.dll_272dd9e6, 155136, 2
.unt, 6364320, 2
.mui_f412814e, 59552, 2
.dic, 79400680, 15
.uni, 68382, 4
.dll_dbf333a5, 19456, 2
.fon_9dafc92d, 90336, 1
.fon_2b1f10ca, 10240, 1
.dll_c8bd1833, 389632, 2
.dir, 50584, 4
.exe_f8ebac58, 44544, 1
.ttf_60330f37, 110436, 1
.sys_9be2dfcd, 70224, 1
.fon_9d31b9ac, 65456, 1
.dll_4c0b8021, 82432, 1
.fon_304f98b5, 12384, 1
.dll_e8c35b01, 144896, 2
.dll_dbf434cd, 253440, 2
.dll_cfc1a67d, 53248, 2
.exe_20e14d4f, 296960, 2
.mui_9728c1dd, 278528, 2
.targets, 2816366, 72
.17514_none_c5311c6f11729c15_bootmgr_07e7e7fe, 383786, 1
.dll_0c54a828, 74752, 2
.isp, 352, 4
.sys_5bc9d88d, 92672, 1
.props, 17972, 2
.mui_aea34130, 2048, 1
.mui_7a8d17bd, 20480, 2
.sys_2e252236, 366976, 1
.mui_258ad624, 17408, 2
.mui_be5d0075, 1812992, 23
.dll_27e23485, 13824, 1
.dll_05ff9fd2, 3719680, 2
.ttc_d9ebd964, 9749256, 1
.css, 660424, 106
.fon_af7316fb, 7008, 1
.csd, 59596200, 2
.inf_loc, 2882104, 746
.dll_4cae41ac, 1360896, 2
.mui_9667d15f, 9216, 2
.dll_b84d047c, 190976, 1
.dll_08fa1e78, 580096, 1
.dll_4e36083f, 145408, 2
.ttf_c4ba1431, 356576, 1
.browser, 2198432, 122
.xml_a0b2cdc5, 219, 1
.nls_bdea8f72, 133188, 2
.dll_8571d1d1, 15872, 2
.16385_none_6079f415110c0210_protocol_e16769d2, 1358, 1
.dll_5fb8b23e, 57344, 1
.prx, 641124, 4
.dll_9e623aad, 26624, 2
.pri, 23872, 3
.msstyles, 2342176, 2
.iec, 2371072, 6
.iem, 51296, 2
.dll_a438d02f, 187904, 1
.win32manifest, 2940, 6
.mui_be261ecd, 17408, 2
.xml_5c61e9f5, 6456, 1
.mui_1310ba12, 2048, 1
.mum, 1985690, 670
.mui_cbac108c, 10240, 2
.exp, 8476836, 172
.mui_3a2926ae, 11264, 2
.mui, 211429632, 7946
.qrc, 16563, 2
.exe, 1196854521, 2339
.library-ms, 876, 1
.sys_084af4a8, 497152, 1
.fon, 10242560, 384
.dll_673bed71, 72704, 2
.aspx, 1607236, 144
.fon_72a205e7, 5312, 1
.fon_cf1af1d6, 14432, 1
.nls_b83728a4, 133188, 2
.mui_2046145e, 4608, 1
.dll_897976dc, 48640, 2
.ps_2_0, 4248398, 2
.mui_0a75786d, 109568, 2
.dll_0d29dca9, 27046400, 2
.fon_d6a097a2, 10064, 1
.mui_5885771c, 88064, 2
.txt, 33863832, 418
.mof_c4f094c8, 5746, 2
.dll_a2c099ac, 592384, 2
.uninstall, 19994, 24
.dnl, 166, 1
.ttf_74791b0f, 84940, 1
.dll_0bf3f842, 364032, 2
.xrm-ms_c6fa9375, 3573, 1
.loader, 0, 1
.strings, 3240568, 192
.fon_0a8e74dc, 6160, 1
.mfl_20ed5374, 58404, 2
.lxa, 14526302, 8
.mui_690e687e, 6144, 2
.ttf_176cee86, 14512072, 1
.mui_5f6fb64f, 21504, 2
.pnf, 54140256, 1076
.png, 28487609, 2355
.dll_8fba6fd3, 97792, 2
.dxt, 101432, 130
.sys_cbbab82c, 288088, 1
.xrm-ms_1a466ea5, 3049, 1
.dll_47a24edd, 30208, 2
.nls_b55e757c, 133188, 2
.exe_8e57269f, 150016, 2
.mui_4b194b5f, 59392, 2
.dll_5829c3c7, 17920, 2
.mzz, 224615186, 2
.jnt, 9088, 2
.xml_38ae338c, 1166, 1
.mui_40875a72, 18944, 1
.log1, 456704, 3
.crx, 104239, 5
.crt, 969200, 2
.dll_290fd479, 39936, 2
.dll_4cd0c747, 31744, 1
.ttf_5b18a95f, 149624, 1
.mui_706e052f, 16896, 1
.applicationhost, 0, 1
.dll_7aadce98, 166912, 1
.mui_b672c7b4, 2048, 1
.clb, 45176, 2
.sys_ccdb57c9, 29184, 1
.ttf_95056720, 120848, 1
.wma, 2640776, 20
.wmf, 20836, 4
.hpi, 37800, 2
.wmz, 271070, 6
.clr, 0, 1
.wmv, 206823398, 128
.ntf, 4816504, 6
.dll_91548db0, 602624, 2
.fon_05cd499c, 5168, 1
.dll_b29bce30, 102912, 2
.fon_8de20802, 36336, 1
.idx, 984912, 3
.dll_7ee2ca52, 22528, 2
.dll_9d6ddd89, 1260032, 2
.que, 56354, 2
.abstractions, 0, 4
.sys_e80dca04, 1659776, 1
.sam, 79478, 5
.dll_5dcb347c, 547784, 2
.mui_59096153, 5120, 2
.wicc, 1499, 4
.com_ef11feb5, 4096, 1
.ttf_02c81200, 228456, 1
.inf_c581b89a, 2097, 1
.dll_2c1d3b5a, 51712, 2
.dll_917b9a36, 72192, 1
.mui_2268d934, 13312, 2
.dat_e3a35ecf, 582588, 2
.dll_d9721533, 125440, 2
.ird, 1666688, 2
.dll_835a43ee, 43520, 2
.dll_656c0445, 107520, 2
.fon_d163c032, 7728, 1
.pak, 38393137, 56
.ttc_7c526737, 13524972, 1
.sys, 4069789808, 1137
.dll_c0e5bbea, 366080, 2
.nls_a9f9a85e, 132164, 2
.ps1, 1515533, 405
.sys_f02896c6, 363392, 1
.gif, 315501, 189
.fon_08a7fd42, 5184, 1
.exe_f87e0044, 32256, 2
.dll_4231e658, 52224, 2
.xml_c190ea61, 2764, 1
.mui_03cc4e41, 2560, 1
.fon_72380fdf, 31776, 1
.dll_8c1ad808, 52736, 1
.sys_3339bd51, 1903552, 1
.mui_a8a7d1fa, 10240, 2
.psp, 2154272, 2
.dll_ed891d84, 399872, 2
.dll_d804e509, 1004032, 2
.nls_c0ba4063, 393284, 2
.dll_7114147c, 569856, 2
.dll_4a104032, 22528, 1
.exe_ecbd567a, 343040, 1
.psd, 9409036, 4
.xml_da14b41b, 3161, 1
.mllr, 992, 4
.plist, 104755, 17
.dll_88c0835a, 125440, 2
.mui_8b901fc3, 41984, 2
.dll_ebc2b91e, 114688, 1
.dll_e91705b5, 242688, 1
.xsn, 126270, 8
.dll_ee71f3d5, 1325568, 2
.xml_44c5096b, 749, 1
.nls_a9f5a762, 133188, 2
.rom, 4320320, 34
.dll_2c72d646, 38400, 2
.dll_248fccac, 87040, 2
.exe_682060de, 31232, 1
.fon_577765e0, 7168, 1
.trx_dll, 19554320, 52
.mui_0724407b, 27648, 2
.dll_149e0f7b, 408576, 2
.fon_2c80a06e, 7232, 1
.dll_08675f2d, 259584, 2
.fon_608e9436, 5648, 1
.ttf_b97d7073, 548036, 1
.xrm-ms_e171af06, 3198, 1
.fon_12f2f33b, 98256, 1
.mui_e88f4c73, 4096, 2
.xrm-ms_805d9177, 3028, 1
.dll_9efdd2e3, 27648, 1
.sys_2854b445, 8064, 1
.fon_6087927d, 11520, 2
.dll_a25c13fe, 128512, 1
.xml_680fca8d, 11067, 1
.dll_39c77c46, 97280, 2
.fon_09ed4d3d, 6272, 1
.txt_649e76ed, 14126, 2
.exe_85cd1215, 1037344, 2
.drv, 2396160, 12
.mui_26339d25, 34816, 2
.man_a0e2d53a, 5650, 2
.dll_55e40455, 2048, 1
.dll_e2ad0f2d, 558592, 2
.efi_139dd311, 672640, 1
.dll_b3635d22, 95232, 2
.fon_f44afc5c, 28912, 1
.nls_bb0fdbcc, 133188, 2
.xst, 3542, 2
.doc, 39936, 2
.dll_c0d80602, 276480, 2
.sys_fe2390cb, 55376, 1
.dll_9ef40826, 8192, 2
.dll_ef77984b, 7347200, 2
.dll_3ac4406c, 853504, 1
.ptxml_9418898a, 648, 1
.dll_cca35228, 20480, 1
.mof_56db6a17, 27560, 2
.mui_2e106c3e, 4096, 2
.dll_fbbb04ce, 209920, 2
.exe_6593e92a, 355840, 2
.dll_fb421a48, 18944, 2
.dll_e56dbc57, 80896, 2
.ttf_4eb5eb98, 206260, 1
.dll_bea29328, 33280, 2
.sys_095e4be2, 23040, 1
.ttf_790ee52a, 257672, 1
.ttf_ba237f20, 610104, 1
.exe_01d80391, 485760, 1
.dll_b7a400ca, 758784, 1
.job, 1804, 2
.inf_8745cd37, 5296, 1
.dll_56a79cf3, 102912, 2
.mui_4516d602, 158720, 2
.sys_8cfad169, 24064, 1
.mui_4fdc61f8, 4096, 2
.ttf_c1891505, 82864, 1
.ttf_cae9a052, 386996, 1
.fon_70a9c7e3, 8368, 1
.sys_04dfdff9, 367696, 1
.hol, 1288102, 1
.fon_0763ad86, 5184, 1
.sys_0dcce989, 16464, 1
.sys_90392579, 125440, 1
.fon_dbe7e3dc, 13200, 1
.xml_c119a6f3, 3166, 1
.ttf_166813d8, 4337296, 1
.mui_c29170cd, 1567744, 2
.dll_90e0458e, 1259520, 2
.edb, 8454144, 1
.ppt, 24576, 2
.dll_e8b5b4d1, 15360, 2
.dll_5f097b0b, 1694720, 2
.overridetasks, 5286, 2
.fon_9bd6a5fc, 5952, 1
.ppd, 70722794, 810
.fon_d6a29820, 9792, 1
.xml_2e09b261, 749, 1
.xrm-ms, 6643637, 351
.exe_04cf416e, 120320, 1
.tha, 2788, 4
.ttf_5516e039, 263864, 1
.tsp_c999e400, 86016, 2
.nls_a711f185, 393284, 2
.ttf_0e350a56, 210644, 1
.jar, 34090, 2
.fon_608992fb, 5344, 1
.dll_921efb66, 65536, 1
.fon_a23f7007, 6656, 1
.fon_2e78de72, 5168, 1
.nexe, 5900660, 2
.dll_f0619fc4, 50176, 1
.ttf_dc2c9458, 172656, 1
.fon_3e26940d, 10608, 1
.bla, 19012, 2
.dll_be06aa9f, 5780480, 2
.ttf_e095394a, 842104, 1
.fon_2c4b9363, 7216, 1
.fon_75b3eb24, 25024, 1
.nls_c0c54318, 132164, 2
.sys_40c5fe6c, 171392, 1
.eventsource, 0, 1
.cdf-ms, 3125612, 1146
.exe_fc6922a9, 3524608, 1
.dll_add42ce6, 1646080, 1
.vsch, 530, 3
.sys_c6e91b41, 289664, 1
.nls_7347e598, 132164, 2
.ttf_325ee9c9, 93800, 1
.idx_dll, 5197584, 19
.fon_77ccac39, 12336, 1
.mui_7e59bd05, 2560, 1
.dll_89511196, 157696, 2
.dls, 13762640, 4
.ttf_76ed00f1, 115016, 1
.dll, 8997306412, 15069
.dlm, 46664932, 16
.dll_367a1189, 171520, 2
.sqlservercompact, 0, 1
.mib, 784810, 34
.dll_ccdb7ea2, 15360, 1
.dll_a4715dd3, 202240, 1
.dll_51f72c64, 2881536, 2
.dll_112f9bb4, 404480, 1
.dll_6c0b60ae, 23040, 1
.dll_b816b81f, 445440, 2
.dll_89b90cb6, 504832, 2
.fon_dbdae0a9, 13248, 1
.sys_fa0d18a3, 146432, 1
.dll_81994e79, 57344, 1
.fon_dea8b251, 5376, 1
.fon_11d63f16, 5168, 1
.dll_7ce69c4a, 637952, 2
.master, 51872, 24
.sys_d69e0fa7, 129536, 1
.cpa, 6922672, 4
.mui_5bee9ce3, 7168, 2
.sys_9c98a5d4, 258048, 1
.xrm-ms_44e9cb04, 3116, 1
.7z, 159524195, 1
.mui_d5b8b2b8, 17920, 1
.jpg, 137366029, 251
.jpn, 8240, 4
.cpx, 8768, 4
.man_f9e15598, 7014, 2
.hlp, 444136, 14
.dll_9c3ccf73, 2610176, 2
.dll_ff796bf0, 661504, 2
.exe_7eb73dcd, 153088, 2
.dll_d4a833e3, 13312, 2
.mui_b5ad161e, 5120, 2
.ttf_a73b2b74, 171192, 1
.ttf_67a2137e, 191892, 1
.mui_a5479fc1, 64512, 2
.xrm-ms_690f532f, 6112, 2
.man_aeefd659, 11866, 2
.dll_cba0311d, 10240, 2
.mui_300ae9df, 15360, 2
.fon_c01687ed, 20448, 1
.dll_b1ffde97, 1080320, 2
.mui_3a1fe238, 63488, 2
.sys_6f23c4df, 44544, 1
.tif, 89534, 1
.mui_b1567840, 2560, 1
.wwd, 80612, 4
.inc, 202372, 24
.fon_12f0f2bd, 65328, 1
.mui_35badf56, 13312, 2
.ttf_89ca3422, 373816, 1
.sys_dfd5d421, 95616, 1
.chm_2a003207, 126122, 1
.dll_f3295d6a, 67072, 1
.sys_e58c38aa, 14720, 1
.ttf_52348015, 72008, 1
.its, 3808406, 4
.sql, 4507412, 158
.fon_9d30b96d, 73216, 1
.xltx, 319594, 9
.sys_87d261f5, 29696, 1
.exe_165c312a, 3969472, 1
.mui_9e71f1ab, 2048, 1
.dll_208f2db3, 62976, 2
.xap, 16418218, 40
.dll_e2337e3c, 892416, 2
.fon_0ac1735a, 13312, 1
.efi_da0f14a8, 669568, 1
.dll_a5f72f50, 578560, 2
.ttf_d1bd78a2, 154072, 1
.mui_adadbfb7, 93184, 2
.dll_7228629e, 136704, 2
.ptxml_e7a9d9f8, 1328, 2
.mui_0da4e682, 395264, 72
.exe_20c491b3, 22528, 1
.fon_cfb116c0, 10656, 1
.dll_edc49796, 59904, 2
.nls_acf16327, 133188, 2
.mui_34721171, 22528, 2
.client, 0, 1
.dat_e67d1236, 582588, 2
.dll_a8fa0a82, 830464, 1
.visualbasic, 0, 1
.mapimail_d3a49bc0, 4, 1
.dll_19519f5a, 59392, 2
.dll_35f49bdd, 4264448, 2
.dll_23e20303, 242176, 2
.inf_loc_12f4e177, 848, 1
.fon_bf9978ab, 32512, 1
.dll_83e36053, 80896, 2
.fon_52683949, 5680, 1
.tsp_2d5533f8, 111616, 2
.fon_9d2fb92e, 69232, 1
.rat, 64716, 12
.mui_12fa2c50, 5120, 2
.ttf_b2503d90, 119848, 1
.hosting, 0, 2
.exe_75835076, 1211104, 2
.inf_loc_67293ca2, 1820, 1
.ait, 10219, 1
.bmp, 15325984, 150
.mui_914efc6c, 50176, 2
.dll_abec426a, 392704, 2
.fon_bf9a78ea, 24672, 1
.mui_9531144c, 7168, 2
.mapping, 90744, 1
.ttf_5a048cf2, 370084, 1
.xml_3ab9bd47, 16616, 1
.sys_95b9c9e3, 426496, 1
.mui_66106d85, 62464, 2
.zfsendtotarget, 6, 2
.chm_e6d620a3, 93297, 1
.sys_fcac898c, 75136, 1
.mui_3280fc46, 23040, 1
.dll_50f5fe79, 552448, 2
.mui_1cca9bd8, 4096, 2
.mui_632bdfc0, 64512, 2
.inf_0d232a1f, 257864, 1
.cab, 2238543239, 386
.mui_f6faeae0, 36864, 2
.sys_d0cc4fd9, 119296, 1
.dll_423f7010, 7805440, 4
.ttf_127871e9, 301028, 1
.fon_12e7f086, 90288, 1
.cap, 276448, 4
.dll_44a03179, 1411072, 2
.cat, 66553432, 2168
.dll_c8c67db6, 865792, 2
.host, 0, 2
.dll_a428cc3f, 209920, 1
.dll_01f58cd5, 144384, 1
.dll_fd3e269b, 512000, 1
.dll_8d4d0a15, 50176, 2
.sys_0029f5a5, 152960, 1
.fon_d69594ed, 9856, 1
.dll_052c8a60, 120832, 2
.mui_55e4e990, 11264, 2
.efi_75834aa0, 1285888, 2
.dll_a2bd2fa9, 441856, 2
.cdmp, 37466, 4
.ttf_f02ee377, 190700, 1
.xml_f6f29de7, 617, 1
.dll_bcec1809, 232960, 2
.exe_7a527f28, 225280, 2
.mui_ff192075, 14848, 1
.dll_6cd3e56e, 646144, 2
.8f02a4b3_a7d7_4f8c_87be_faf06999d9a2, 272896, 1
.rbs, 33554431, 4
.dll_070fb998, 780008, 1
.mui_ef25385f, 3072, 1
.ttf_235cfc01, 330464, 1
.dll_f8739230, 370688, 1
.mui_f9d8f818, 8192, 2
.mui_b0c205d7, 2560, 1
.fon_604f84b5, 6192, 1
.dotx, 13435117, 41
.dll_ca422e1e, 38912, 1
.blf, 262144, 4
.ttf_c4dbca5d, 270172, 1
.etl, 519168, 11
.nls_c0c94414, 133188, 2
.dll_e9d0eb3e, 389632, 2
.dll_6b9e1a82, 301056, 2
.dll_7d6905f6, 329728, 2
.dll_d4039292, 32256, 2
.dll_7733cdbc, 25600, 1
.h_17610c72, 3640, 2
.mui_71b54a25, 2560, 1
.gdl, 717424, 85
.mui_237a741f, 5120, 2
.cs, 237494, 28
.dll_fed45dfd, 161280, 2
.cw, 222102, 4
.ttf_d4cb707a, 561616, 1
.ttf_c39dde16, 298952, 1
.rpo, 17387520, 12
.dll_3a569bab, 256512, 2
.dll_7eb7622f, 627712, 2
.dll_d4c507f7, 114176, 2
.sys_ff9a943d, 102400, 1
.ttf_5183c1d4, 146496, 1
.avi, 5311240, 18
.mui_7d81b1cc, 13312, 2
.dll_5aecac54, 43520, 1
.ttf_b39275ad, 516560, 1
.mfl, 11678418, 238
.efi, 8743424, 14
.nls_bb10dc0b, 133188, 2
.ttc_eba56c14, 15323200, 1
.ps1xml, 3216974, 56
.ttf_ea46f861, 398148, 1
.mui_a6e78cfa, 1979504, 23
.mui_208d0981, 489472, 2
.fon_f67069da, 10976, 1
.dll_5aa847dd, 1882624, 2
.dll_fb578f95, 1106944, 2
.mui_e30e3b90, 189440, 2
.exe_aa32623e, 58880, 2
.mui_40b1790d, 2048, 1
.inf_873ccb00, 14258, 1
.mui_3bc5b827, 66688, 2
.icxs, 11844, 1
.mui_de5f27e2, 4096, 2
.ttf_4e762005, 202196, 1
.fxh, 25032, 2
.ttf_8f2a9b94, 342840, 1
.mof_abfc36b4, 2866, 1
.ttf_eba5f98c, 221268, 1
.fon_12fbf572, 68848, 1
.exe_9495aa75, 137216, 2
.fon_af851b69, 6608, 1
.lng, 7827613, 22
.lnk, 352929, 239
.inf_82ba6778, 1333, 1
.fon_4f6ec502, 38480, 1
.jrs, 2752512, 4
.inf_82c068f2, 1120, 1
.mui_4a82d97e, 22528, 2
.exe_8725e339, 44544, 2
.sqlserver, 0, 1
.mui_1fc689ff, 2048, 1
.mui_cac12e54, 6144, 2
.mui_e805c4b7, 65536, 2
.16385_none_6079f415110c0210_hosts_d78df635, 824, 1
.fon_7511c346, 23440, 1
.dll_2a7540a9, 381952, 1
.fon_2e82e0e8, 4640, 1
.fon_a263d115, 26112, 1
.mui_7d29d2a3, 10240, 2
.fon_f426f380, 23008, 1
.diagpkg, 843282, 34
.mui_08a6874d, 2560, 1
.csharp, 0, 2
.mof_778760bc, 1088, 1
.wim, 1274084, 2
.fon_76f83ae0, 33360, 1
.wih, 7194828, 2
.dll_07b1e224, 713728, 2
.dll_2036b947, 11776, 2
.tiff, 30910, 1
.ttc_949601ce, 16264732, 1
.odf, 9987312, 2
.odc, 386, 2
.fon_f3d5df91, 29200, 1
.ttf_586caa52, 697972, 1
.sec, 1480, 2
.mui_ecbeb9bd, 26624, 2
.manifest, 140736195, 15075
.dll_d5b65abe, 9728, 2
.toc, 288384, 6
.ses, 1004, 1
.sep, 27824, 16
.mpg, 33761458, 6
.dll_5dfe9c7e, 35328, 2
.mof_713662d2, 2556, 2
.mui_561adfc8, 6144, 2
.dll_e44c577b, 242176, 2
.dll_2dd5d345, 9216, 2
.16385_none_6079f415110c0210_services_d4a357ca, 17463, 1
.mui_297f975d, 11264, 1
.dll_f420497b, 72192, 1
.dll_1775ca24, 25088, 2
.mui_a313505c, 7168, 2
.fon_f66366a7, 10976, 1
.sys_98bd87a0, 19008, 1
.fon_9da56372, 10032, 1
.mp4, 19941118, 4
.mui_6acb64a6, 29696, 2
.dll_d77c78c6, 70144, 2
.inf_0b7d7d89, 62334, 1
.dll_e9dcc2e3, 3501056, 2
.rs, 1290240, 44
.mui_d663578f, 7168, 2
.fon_2c8aa2e4, 6672, 1
.fon_11872ba5, 6272, 1
.dll_3755dd17, 434688, 2
.vbs, 3295262, 42
.dll_d8460bdb, 4096, 2
.tasks, 98484, 11
.dll_fb508ddc, 19456, 2
.fon_dad8712a, 64656, 1
.dll_ebdc1de9, 67584, 2
.mof_7737198d, 1708, 1
.prm, 1153, 1
.dll_d0a74ee5, 324096, 1
.ttf_986e3427, 174896, 1
.fon_e479db16, 37296, 1
.dll_f953c950, 243200, 2
.mui_ea4c5b8c, 4096, 2
.exe_0fb0ab79, 9463680, 2
.fon_0b81b0a9, 5120, 1
.dataflow, 0, 1
.thmx, 19908732, 9
.xml_30385a7b, 247, 1
.dll_6cd72d6e, 795648, 2
.log, 34296106, 78
.fon_32986711, 12896, 1
.dll_d7bb2b05, 416768, 2
.bin_0bfd8f26, 1474560, 1
.ttf_ea38f4ef, 330908, 1
.mui_1e1a1ed1, 3072, 1
.dll_ef9eca7e, 2275328, 2
.mui_e86ca64f, 49152, 2
.fon_f239c304, 36656, 1
.dll_7f3dc5f6, 699392, 2
.man_b28d8556, 3584, 2
.mui_e907fe77, 2560, 1
.dll_d72e5b75, 77824, 2
.dll_aa545cc8, 25088, 2
.fon_dbe9e45a, 12720, 1
.fon_265fc768, 23440, 1
.mui_ef0a9748, 7168, 2
.mui_eb023b92, 5120, 2
.xml_c9566883, 207, 1
.dll_7bc7e545, 353792, 2
.dll_b1ad5a7c, 2329600, 2
.httplistener, 0, 1
.udt, 22332, 2
.fon_8caf829c, 5360, 1
.fon_dc96978e, 10976, 1
.mfl_b1cb99f9, 7906, 1
.mui_9745823e, 41984, 2
.dcf, 540, 2
.dll_fe807716, 33792, 2
.man_89e23b24, 3408, 2
.sys_0d7a6fb3, 3126272, 1
.fon_2a004040, 31712, 1
.dll_52337068, 4096, 2
.dll_4a6a1bee, 108544, 1
.nls_71b281ed, 132164, 2
.fon_07129997, 5184, 1
.sys_dfd2dd83, 23104, 1
.compositefont, 502504, 16
.ttf_8897b9ba, 304428, 1
.fon_5e8c53bc, 9232, 1
.ini_96e9118b, 219, 1
.mui_bb7d4db5, 458752, 2
.dll_7ee2aa40, 389632, 2
.mui_77b8cbcc, 43600, 1
.xml_012526f8, 10947, 1
.c7483456-a289-439d-8115-601632d005a0, 33280, 2
.fon_af0ffe9e, 6912, 1
.xlsx, 5770, 1
.mui_27c9f5dd, 7168, 2
.dll_0b11a6d7, 80384, 1
.xbap, 21516, 4
.hkf, 82784, 2
.map, 151440, 3
.sys_43640ee7, 14848, 1
.fon_5e965632, 8704, 1
.fon_5e9154f7, 8368, 1
.man, 5719448, 1239
.sys_06be9334, 514560, 1
.cur, 1212960, 312
.metadata, 0, 1
.fon_f45d00ca, 24784, 1
.dll_2a98ded7, 509440, 2
.ttf_6ef165e0, 94816, 1
.mui_a710bc71, 82944, 2
.mui_15cb4ec4, 7168, 2
.mui_64739194, 5120, 2
.ev3, 51200, 1
.ev2, 5880, 1
.mui_cccd5ae0, 4096, 2
.reg, 99388, 28
.dll_470d4d41, 94720, 2
.tlb, 23437984, 156
.fon_f4ae14b9, 19600, 1
.inf_f14c6ffa, 4345, 1
.xml_423830b1, 215, 1
.mui_210d8c31, 225280, 2
.sdi, 25362432, 8
.fon_594e8893, 102400, 1
.exe_cb461c29, 533504, 1
.ttf_ea675e5c, 21663376, 1
.xlam, 943593, 5
.sdb, 13378048, 11
.exe_94fc2d06, 30720, 2
.sdf, 3121152, 4
.hxt, 2671, 13
.mui_95b8c3ab, 5120, 2
.evm, 425984, 1
.exe_eba3b15b, 58880, 1
.dll_2eae8210, 51200, 2
.mst, 29696, 2
.msu, 1620388, 1
.mui_997435f5, 10240, 2
.msp, 331218432, 14
.dll_d1843b37, 163840, 1
.sys_cf08a343, 328192, 1
.mui_19a87063, 34816, 2
.msg, 171057, 1
.msc, 17962420, 166
.mui_0b036e1f, 6144, 2
.wtv, 19398656, 2
.msi, 1046032896, 360
.dll_5ea29a86, 118272, 2
.fon_57846913, 8704, 1
.sys_58570547, 17920, 1
.s3, 2977102, 2
.mui_b6af37bb, 9216, 2
.fon_77c3aa02, 12384, 1
.formatting, 0, 1
.dll_affa6810, 109056, 2
.swidtag, 4195, 4
.sys_02574081, 92160, 1
.xll, 253040, 1
.xla, 105984, 1
.mui_18b23987, 21504, 2
.xls, 136192, 3
.imd, 197288712, 50
.ime, 10220544, 40
.kic, 13364878, 6
.ttf_a3c367a0, 840736, 1
.fon_2e43d167, 5168, 1
.mui_027ef4fc, 12288, 2
.leases, 773, 1
.fon_12e5f008, 92032, 1
.dll_06332635, 545280, 2
.fon_a088232f, 17760, 1
.dll_f9282ebb, 19968, 2
.mui_f104be47, 4096, 2
.cpl, 39798760, 83
.0, 0, 56
.1, 2000032, 2
.2, 491520, 1
.3, 491520, 1
.4, 491520, 1
.mui_d908d391, 706560, 2
.sys_d1537112, 26624, 1
.mui_3e41dee6, 4096, 2
.dll_7ab07912, 167936, 2
.dll_3e9737b8, 14848, 1
.sys_4a9480d5, 57856, 1
.dll_0c1b7cf5, 32832, 1
.h, 181446, 93
.ttf_d4f87b8d, 748720, 1
.fon_e1f13b9e, 37472, 1
.dll_0f36c580, 526336, 2
.d, 3244, 1
.am, 65852736, 12
.mui_32250491, 120832, 2
.ptxml_399d39fd, 5442, 2
.mui_eaf216eb, 3584, 1
.phn, 130096, 4
.ttf_28595c29, 201680, 1
.ax, 11783168, 126
.wer, 39022, 13
.ctm, 921338, 2
.dll_211359bf, 156672, 1
.sys_77874865, 77312, 1
.jtp, 1095920, 22
.cty, 584144, 4
.security, 0, 1
.fon_94a3772a, 5168, 1
.dat_f1e3dfd2, 63096, 2
.xml_15491d20, 471, 1
.dll_417263a2, 1941504, 2
.ttf_caad65b5, 215860, 1
.dll_cd048e61, 284160, 2
.dll_86fb1bb1, 31232, 2
.mui_11b5ef08, 5120, 2
.ttf_15141359, 94300, 1
.fon_1042dbe9, 7232, 1
.mp3, 34741816, 6
.dll_b3dbecec, 148480, 2
.mui_f41bf7b7, 10752, 1
.dll_eefdd445, 5914112, 2
.ttf_06632f96, 109808, 1
.dll_662b267c, 828416, 1
.xml_e6426aa8, 2776, 1
.fon_dec57409, 35808, 1
.cfg, 5351471, 96
.obe, 27452, 4
.dll_fe5ca5c9, 80384, 2
.fon_594d8854, 72192, 1
.dll_17a2420d, 99328, 1
.wsc, 95948, 2
.wsf, 1748, 2
.dll_b571c01a, 32256, 1
.dll_2f3fa5bf, 565248, 2
.mui_5d6cb110, 6144, 2
.resx, 908338, 270
.fon_2d5cdf27, 11056, 1
.fon_e51c02f4, 36672, 1
.mof_b7a3f662, 125082, 2
.dll_eaaf0717, 11264, 1
.ttf_822b42fe, 235940, 1
.mui_793ef98d, 15360, 2
.fon_f3e7e3ff, 24832, 1
.man_824b95f4, 11396, 2
.xml, 103626142, 1370
.fon_f139fbdc, 12256, 1
.propdesc, 28386, 10
.ps_4_0, 10129102, 2
.ecf, 6614, 7
.dll_38a935e4, 415744, 2
.dll_e933fb0e, 18432, 2
.tsp, 2109440, 20
.mui_42138158, 9216, 2
.dll_d6e4c532, 3309568, 2
.fon_3e2f9644, 10224, 1
.dll_f3ae0f78, 3359744, 2
.dll_3bcc53bc, 177152, 2
.fon_9d0f3e88, 12400, 1
.dll_8e5e0893, 173056, 2
.tme, 0, 1
.mui_df4767d7, 58368, 2
.mui_27f0fc85, 7168, 2
.nls_7398f987, 132164, 2
.ttf_c14359b6, 228348, 1
.runtime, 0, 3
.exe_69df45bb, 74752, 2
.tlb_662648dd, 223232, 2
.man_a7b7d1f1, 4464, 2
.chm_12e2bd62, 125501, 1
.fon_265ec729, 26544, 1
.core, 0, 1
.ngr, 231147376, 16
.sys_5d0af5cd, 40448, 1
.mui_eecc809d, 388096, 2
.mui_40240de1, 2048, 1
.fe, 109784, 4
.dll_1eec0a2e, 798720, 2
.amx, 8089876, 20
.bat, 38858, 2
.dll_5d65b262, 11264, 1
.fx, 107030, 4
.dll_441d133c, 90112, 2
.emf, 928472, 20
.ttf_7e71da2e, 97516, 1
.fon_2e7bdf2f, 9488, 2
.sys_69a65c29, 11264, 1
.nls_af9e0b7b, 393284, 2
.data, 14827542, 6
.rsp, 41788, 34
.dll_868dd225, 176640, 2
.mof_4e35fdd7, 965008, 2
.fon_9daec8ee, 67328, 1
.rsm, 46316, 14
.dll_09c99dc1, 582656, 2
.xml_e75e557b, 9803, 1
.mui_f661192f, 26624, 2
.ttf_3e01b33f, 218956, 1
.mui_a6436c6f, 8192, 2
.fon_2c85a1a9, 6672, 1
.inf_dbf42768, 29058, 2
.dat, 159825850, 181
.mui_80ddeedb, 4096, 2
.dll_7b1988f4, 716288, 2
.ttf_e828c109, 772192, 1
.mui_19f538b4, 752640, 2
.ttc_b8743970, 33805700, 1
.lck, 4, 1
.xml_ad942f19, 72736, 1
.fon_e898de78, 80896, 1
.exe_8f8eb7b1, 158208, 2
.exe_825f4f74, 49152, 2
.sys_10d1b7c8, 11136, 1
.dll_af347940, 2069504, 2
.regtrans-ms, 4194304, 8
.dll_a8a54aff, 135168, 2
.mui_43c7a05b, 224256, 2
.dll_c99f1a3f, 13824, 2
.fon_4f77c739, 41584, 1
.fon_c017882c, 37952, 1
.inf_loc_17636d00, 392, 1
.stp, 2824, 2
.tts, 4860786, 2
.dll_056865e3, 705024, 1
.stl, 25046, 2
.fon_9ff1fe45, 13552, 1
.inf_87e7f515, 31184, 1
.ttf_7ee31c80, 530336, 1
.mui_6717e231, 3072, 1
.chm_608e33e2, 94640, 1
.compilation, 0, 1
.man_78016e78, 3318, 2
.wdf, 6, 2
.hit, 8408, 2
.dll_8f1f5d02, 1101312, 2
.exe_83c870f4, 114176, 2
.mui_b69fccab, 2560, 1
.nls_b284c215, 132164, 2
.nls_72f6d1a9, 132164, 2
.fon_dbdce127, 12800, 1
.tbl, 53930576, 94
.dll_03753295, 53248, 2
.mui_53acc4d0, 16384, 2
.sys_e872d013, 45056, 1
.fon_a2b4e504, 21504, 1
.eps, 15067, 1
.dll_85c64e53, 133120, 2
.dll_523baf47, 3003392, 2
.inf_bf424507, 9160, 1
.ttf_7d4db8d5, 710192, 1
.sys_dbeb0bbd, 50768, 1
.dll_df064540, 690176, 2
.dll_817ccaf3, 157184, 2
.dll_f718286f, 80896, 2
.ocx_38c869db, 1225728, 2
.dll_232a4cf0, 16896, 1
.mof_b78002ca, 1913, 1
.fon_de339586, 5600, 1
.elm, 3001912, 45
.razor, 0, 2
.fon_30e5bd9f, 17760, 1
.cache, 5720612, 1
.ttf_0cd3884f, 131264, 1
.xml_96f37034, 591, 1
.ttf_f096fc81, 368924, 1
.sys_e6c97a48, 44032, 1
.sys_19b9c668, 88576, 1
.dll_9eacd00a, 291840, 2
.sys_e2e1846f, 951680, 1
.dll_53ccebf2, 43008, 2
.mui_2fc614a7, 2560, 1
.dll_08d4f5e8, 411648, 2
.dll_c188118d, 44704, 2
.fon_9a1c84fa, 11056, 1
.vdf, 14657536, 42
.mui_038c60dd, 30720, 2
.mui_349798e1, 4608, 1
.xml_d27c4771, 15097, 1
.dll_480be757, 312832, 2
.mui_bcc172a4, 99328, 2
.attributedmodel, 0, 1
.immutable, 0, 1
.ebd, 695808, 2
.grm, 1644256, 2
.grl, 89832, 6
.efi_85cd069f, 1132416, 2
.gra, 186880, 1
.shp, 3619889, 7
.mui_b4acc7bc, 4096, 2
.ptxml_5928319f, 1061, 1
.xml_f444f554, 738, 1
.btr, 4489216, 1
.mui_97465f8a, 26624, 2
.fon_bf27df1c, 5680, 1
.dll_eaee1698, 3118080, 2
.dll_9f6cda06, 578048, 2
.ttf_6873986a, 108572, 1
.fon_e3869f49, 36656, 1
.ttf_21733c5a, 618240, 1
.mui_ab0f7c73, 391168, 2
.dll_90c23c68, 29184, 1
.dll_dbffa295, 33792, 2
.exe_f43b24c8, 118784, 2
.fon_26dbd66b, 35888, 1
.dll_6162d887, 70656, 1
.dll_dd5044f6, 33792, 1
.sys_8aad3dfb, 982912, 1
.dll_d1653396, 255488, 2
.h1c, 4010, 4
.nls_acd65c82, 133188, 2
.h1d, 27034, 2
.ttf_2dafa6e8, 105636, 1
.exe_d92a3b6c, 104448, 2
.h1h, 502768, 1
.h1k, 1716, 16
.005, 1024, 1
.002, 1024, 1
.003, 1024, 1
.001, 1024, 1
.h1q, 885263, 1
.h1s, 48120002, 242
.mof_112f9e6c, 7384, 2
.h1t, 398916, 4
.h1w, 441324, 2
.xrm-ms_c24be970, 3144, 1
.gz, 152624, 9
.ttf_7a3af274, 70128, 1
.exe_74753166, 67072, 1
.fon_c20a9ed9, 5600, 1
.ttf_a85a3504, 555588, 1
.dll_e0da7eac, 124928, 2
.fon_2e7ddfad, 5200, 1
.mui_0caf9b0e, 114688, 2
.fon_3e1d91d6, 9472, 1
.dll_c042c93a, 422400, 2
.fon_09ec4cfe, 10416, 2
.fon_9cff44b7, 10992, 1
.dll_caeebf04, 167936, 2
.sys_4be8047f, 164352, 1
.mui_b382d4b4, 32256, 1
.mof_7eb757c7, 7362, 2
.ttf_0df5fad5, 239152, 1
.dll_77bec53b, 63488, 1
.nls_72a5bdba, 132164, 2
.hxx, 35510, 2
.mui_42583eaf, 34816, 2
.mui_04bea7ac, 11264, 2
.hxs, 4908308, 13
.hxn, 11274, 32
.exe_477abe34, 34816, 2
.hxl, 9532, 2
.fon_79d1ee47, 25024, 1
.hxk, 2997, 26
.ttf_cebbef27, 97752, 1
.fon_40965299, 4304, 1
.hxc, 8504, 13
.dll_8d9de2e7, 3568128, 2
.mui_741bfb68, 14848, 1
.project, 0, 1
.dll_f896d66e, 75776, 2
.dll_ce078c31, 379904, 2
.chm_650a727b, 90909, 1
.mui_86ea5e71, 17408, 1
.nls_71105a0f, 132164, 2
.hds, 270336, 2
.dll_f6ac239e, 110240, 2
.mui_e40b8b25, 4096, 2
.efi_01d7fdbb, 611200, 1
.mof_b1cb7e72, 10708, 1
.mui_f13ef3a5, 29696, 2
.mui_1b6822cf, 28672, 2
.fon_f144fe91, 12304, 1
.devicemetadata-ms, 373773, 6
.mof_fcac97ed, 1945, 1
.fon_0fa0b40b, 6304, 1
.mui_9b915792, 41984, 2
.dll_fdd731ab, 56832, 1
.log2, 0, 3
.xml_b95337c9, 727, 1
.dll_8155446a, 148992, 2
.ttf_054afabf, 709600, 1
.fon_f133926a, 6528, 1
.vp, 417754, 20
.mui_d7c2a730, 21504, 2
.psm1, 144880, 4
.ins, 2776, 6
.sys_050526ad, 459248, 1
.inf, 80376541, 1795
.ini, 89441384, 700
.mof_39e216d3, 4548, 1
.dll_ae5341e1, 158720, 2
.ttf_88bb465f, 661244, 1
.ttf_b2983076, 256384, 1
.xml_7f05a37a, 1437, 1
.sys_fe1d01e3, 61440, 1
.dll_f2ef43cf, 185856, 1
.fon_f438f7ee, 19760, 1
.ttf_a7ce912e, 406192, 1
.mof_c9297d9b, 822, 1
.mui_a2448a34, 62464, 2
.xml_f49007c9, 804, 1
.ptxml_9bf9819a, 2220, 1
.mui_64c0a23c, 46080, 2
.ttf_2615c880, 106220, 1
.workspaces, 0, 3
.nls_720395dc, 132164, 2
.db, 2168240, 19
.exe_639495e3, 40960, 1
.mui_2904864a, 1122304, 72
.mui_065dbd9c, 10240, 2
.bcm, 17051408, 64
.ds, 12288, 2
.dll_a41dd515, 24576, 2
.dat_f4bd9339, 63096, 2
.owin, 0, 2
.ttf_63bed00f, 188908, 1
.xml_2edbfe7c, 1434, 1
.ttf_374706e4, 235516, 1
.sys_9226f314, 261632, 1
.sys_25e89db1, 111104, 1
.mui_e68ddae7, 16384, 2
.mui_28c7718f, 665600, 2
.xml_24e80ada, 1218, 1
.dll_1fcb31df, 20480, 2
.exe_b6a1c2df, 128512, 2
.nls_b55d753d, 133188, 2
.fon_265dc6ea, 26432, 1
.bud, 57960, 1
.dll_3e0d5648, 376320, 2
.js, 10427885, 371
.ttf_6fc99b08, 95892, 1
.fon_2c83a12b, 13568, 2
.mui_5e66aade, 4096, 2
.extensions, 0, 1
.fon_0c23d887, 5552, 1
.mui_5f932ccb, 8192, 2
.evtx, 10903552, 54
.sys_c93de3d8, 131584, 1
.ttf_4a270eaa, 259520, 1
.mui_00a4f15b, 13312, 2
.exe_83972af0, 146944, 1
.fon_26dcd6aa, 36032, 1
.codeanalysis, 0, 1
.potx, 43400980, 11
.mui_2eb3b9db, 2560, 1
.dll_243724ab, 89600, 2
.mui_c1b8803f, 2560, 1
.ttf_a3965c8d, 619972, 1
.dll_7a6f3790, 25088, 2
.url, 1651, 15
.fae, 673808, 14
.exe_06529458, 7680, 1
.eftx, 2232977, 14
.ttf_f757c3ca, 325400, 1
.sys_2d588da9, 21504, 1
.ttf_ca6e5634, 239596, 1
.fon_5e5746b1, 9248, 1
.html, 549189, 66
.fon_a23acca1, 12896, 1
.dll_406ddf44, 50688, 2
.mui_dc24f809, 109568, 2
.mui_54051b53, 5120, 2
.dll_e2f091ac, 204800, 2
.mui_478a7103, 8192, 2
.mui_ff00d4cb, 41984, 2
.mui_225fa220, 51200, 2
.fon_aefdfa30, 6912, 1
.ttf_cf5a23e7, 438016, 1
.sys_cf1a02fc, 158208, 1
.nls_b282c197, 133188, 2
.mui_052ed7d8, 2048, 1
.nls_b28dc44c, 133188, 2
.mui_cebab716, 5120, 2
.dll_82133921, 1268224, 2
.store, 140154, 2
.dll_c76b1498, 232448, 1
.fon_12f4f3b9, 89456, 1
.hex, 77924, 4
.wpg, 1382, 1
.exe_03352f5f, 17920, 1
.vpol, 444, 1
.dvr-ms, 2369584, 4
.ttf_2caa4556, 834240, 1
.enc, 96, 2
.mui_f0a16278, 7168, 1
.dll_db5e7744, 17984, 1
.dll_0c3acbc3, 32256, 2
.adml, 4482691, 298
.ttf_789944a5, 222356, 1
.typedparts, 0, 1
.fon_cc283848, 12896, 1
.mui_b9c0c4d6, 9216, 2
.sys_ea96697c, 26112, 1
.chm_9573a554, 81564, 1
.dll_20ed5065, 128000, 2
.fon_bcc6c556, 9280, 1
.gpd, 72210732, 2740
.mui_4ac7d1a1, 18432, 2
.fon_4da3fd6c, 8704, 1
.fon_de96ade3, 6112, 1
.exe_94123cfe, 26624, 1
.snk, 596, 1
.fon_26ddd6e9, 31760, 1
.sys_e821cef0, 6144, 1
.dll_4e6f9a4e, 391680, 2
.dll_f553bbce, 802816, 2
.man_0cfe2e51, 50898, 2
.admx, 8885264, 298
