﻿
File Number,Time,Short URL,Long URL,File Name,GPS (X),GPS (Y),MD5,SHA1
1,2016-07-29 13:59:31,http://grep.kr/N3kO,https://osint.xyz/bob/너moo높아.jpg,너moo높아.jpg,34.04674166666667,77.93036666666667,8afdd82d4923b1fcbf7f32c6429f5a00,b287834979a26595dc958ca4e68fd719abc3574d
2,2016-07-29 14:00:37,http://grep.kr/PUY6,https://osint.xyz/bob/ThreeIdiots.jpg,ThreeIdiots.jpg,33.806805555555556,78.59233055555555,99e0d7453a783d7a5c428b87607bd4d4,b535422a4b9ef949a315fbad91a8f5cfd5749e32
3,2016-07-29 14:09:27,http://grep.kr/jzAJ,https://osint.xyz/bob/Delhi.jpg,Delhi.jpg,-71.99501584068794,163.63122690972222,d4b05d4e20e22cc9b1d925d0b8a124c4,4194e8b7e1acd5c0848d7787d1495d7cb05c5ff5
