﻿
File Number,Time,Short URL,Long URL,File Name,GPS (X),GPS (Y),MD5,SHA1
1,2016-07-18 15:35:51,http://goo.gl/2qsypf,http://osint.xyz/bob/Future_of_India.jpg,Future_of_India.jpg,25.306508333333333,83.00996388888889,c872409791d68c97884fc8c2c6c4def9,c6a0dab9f4be5983043fa921a643178f74ba4e53
2,2016-07-18 15:19:56,https://goo.gl/euXEd9,http://www.akamai.com/uk/en/multimedia/documents/state-of-the-internet/ssdp-reflection-ddos-attacks-threat-advisory.pdf,ssdp-reflection-ddos-attacks-threat-advisory.pdf,,,f243b19a3b0d4dd52865cb507443687a,6603ba6a22ae643e79265d65995862c73c2d1149
3,2016-07-18 15:37:09,https://goo.gl/kjhof3,https://osint.xyz/bob/Why...jpg,Why...jpg,25.30644722222222,83.01005555555555,4cb8892f24e1da9f1732a293ef55c9a0,06be8eb1bc40f45fede158d5d6e423b414339f67
