﻿
File Number,Time,Short URL,Long URL,File Name,GPS (X),GPS (Y),MD5,SHA1
1,2016-07-22 11:49:23,http://grep.kr/M7dj,https://osint.xyz/bob/HotChocowith럼주.jpg,HotChocowith럼주.jpg,32.25493888888889,77.17696388888889,3d08c2bc9fa427d40db8dec755646e06,a11d93630d9fa975a022ff61b3047768f276c6e5
2,2016-07-22 11:47:59,http://grep.kr/sc5f,https://osint.xyz/bob/0.jpg,0.jpg,32.254075,77.1771611111111,461b38e98fd71466e633b9e4c79a252f,530e40b5cae64a1a37c34bb803cd05670c926456
3,2016-07-22 11:47:12,http://grep.kr/fxhc,https://osint.xyz/bob/비bimbab.jpg,비bimbab.jpg,32.254802777777776,77.176925,c6ab9a7788835ed7500f62c5a33b389c,2c9d7209504f50f7a42b2fc7764d3ffb2a3d23d2
