﻿
File Number,Time,Short URL,Long URL,File Name,GPS (X),GPS (Y),MD5,SHA1
1,2016-07-16 09:35:35,http://me2.do/5gCPJlT0,https://osint.xyz/bob/우ahh하ga.jpg,우ahh하ga.jpg,37.45567222222222,126.44691388888889,e23a9d4535aedb2689cf79e2e9f3482a,25c2708355f7589c656bf53518061842aba3a54a
2,2016-07-16 01:46:35,https://goo.gl/ea7g7R,https://upload.wikimedia.org/wikipedia/ko/thumb/a/a5/902_김포공항_승강장.JPG/1600px-902_김포공항_승강장.JPG,1600px-902_김포공항_승강장.JPG,,,d7eff067c6123823d54370d7e7e00c4d,27e94cbfd0012828aea9320b922e55960556da2d
3,2016-07-16 09:34:06,http://me2.do/xWbrYn85,https://osint.xyz/bob/whereami.jpg,whereami.jpg,37.45505896455198,126.44329190257136,32940465efe53a18db20d485efda5cb4,086cdc80658319d751438d1d2b4f70a98936e35e
